{"version":"tutors-json 2.1.5 (tutors-lib: ^0.5.4)","properties":{"slack":"https://tutors-ts-group.slack.com/messages/CCKS0HR0Q","moodle":"https://moodle.wit.ie/course/view.php?id=118143&section=3","youtube":"https://www.youtube.com/playlist?list=PLMW4bgOfD3Dwi6FWirJ3AQtXZ-N_hV3Eo","zoom":"https://zoom.us/","credits":"Your Name Here, WIT","auth":0,"ignorepin":1234},"title":" Tutors Starter Three ","type":"course","summary":"A short description of the course. Normally this will not be visible, unless the course is aggregated into a portfolio of modules","img":"https://{{COURSEURL}}//course.jpg","videoids":{"videoid":"","videoIds":[]},"id":"tutors-starter","hide":false,"los":[{"title":" Simple Units ","type":"topic","summary":"This topic has 2 units - each unit has lectures + lab","img":"https://{{COURSEURL}}/topic-01/topic.jpg","videoids":{"videoid":"","videoIds":[]},"id":"topic-01","route":"#topic/{{COURSEURL}}/topic-01","hide":false,"los":[{"title":"Unit 1 Title ","type":"unit","summary":"","img":"https://{{COURSEURL}}/topic-01/unit-1/talk-1/talk-1.jpg","videoids":{"videoid":"","videoIds":[]},"id":"unit-1","route":"#topic/{{COURSEURL}}/topic-01/","hide":false,"los":[{"title":"Lecture 1 ","type":"talk","summary":"A short summary of the talk, no more than two sentences. Avoid bullet points or links for formatting reasons.","img":"https://{{COURSEURL}}/topic-01/unit-1/talk-1/talk-1.jpg","videoids":{"videoid":"","videoIds":[]},"id":"talk-1","route":"#talk/{{COURSEURL}}/topic-01/unit-1/talk-1/talk-1.pdf","hide":false,"pdf":"https://{{COURSEURL}}/topic-01/unit-1/talk-1/talk-1.pdf"},{"title":"Lecture 2 ","type":"talk","summary":"A short summary of the talk, no more than two sentences. Avoid bullet points or links for formatting reasons.","img":"https://{{COURSEURL}}/topic-01/unit-1/talk-2/talk-2.jpg","videoids":{"videoid":"","videoIds":[]},"id":"talk-2","route":"#talk/{{COURSEURL}}/topic-01/unit-1/talk-2/talk-2.pdf","hide":false,"pdf":"https://{{COURSEURL}}/topic-01/unit-1/talk-2/talk-2.pdf"},{"title":"Lab-01","type":"lab","summary":"A few sentences on the purpose of the lab. Avoid bullet points here for formatting reasons.","img":"https://{{COURSEURL}}/topic-01/unit-1/book-a/img/main.png","videoids":{"videoid":"","videoIds":[]},"id":"book-a","route":"#lab/{{COURSEURL}}/topic-01/unit-1/book-a","hide":false,"los":[{"title":"# Objectives","shortTitle":"Lab-01","contentMd":"# Objectives\n\nA few sentences on the purpose of the lab. Avoid bullet points here for formatting reasons.","route":"#lab/{{COURSEURL}}/topic-01/unit-1/book-a/Lab-01"},{"title":"# Text","shortTitle":"01","contentMd":"# Text\n\nIt's very easy to make some words **bold** and other words *italic* with Markdown. You can even [inset a link to Google](http://google.com)\n\n\n## Lists\n\nSometimes you want numbered lists:\n\n1. One\n2. Two\n3. Three\n\nSometimes you want bullet points:\n\n* Start a line with a star\n* Profit!\n\nAlternatively,\n\n- Dashes work just as well\n- And if you have sub points, put two spaces before the dash or star:\n  - Like this\n  - And this\n\n## Images\n\nIf you want a link to a local image, place the image in the `img` folder and then insert a link like this:\n\n![](img/02.jpg)\n\nAlternatively you can directly link to images on the web:\n\n![Image of Yaktocat](https://octodex.github.com/images/yaktocat.png)\n\nThe above includes a title.\n\n# Structured documents\n\nSometimes it's useful to have different levels of headings to structure your documents. Start lines with a `#` to create headings. Multiple `##` in a row denote smaller heading sizes.\n\n### This is a third-tier heading\n\nYou can use one `#` all the way up to `######` six for different heading sizes.\n\nIf you'd like to quote someone, use the > character before the line:\n\n> Coffee. The finest organic suspension ever devised... I beat the Borg with it.\n> - Captain Janeway\n\nThere are many different ways to style code with GitHub's markdown. If you have inline code blocks, wrap them in backticks: `var example = true`.  If you've got a longer block of code, you can indent with four spaces:\n\n    if (isAwesome){\n      return true\n    }\n\nGitHub also supports something called code fencing, which allows for multiple lines without indentation:\n\n~~~\nif (isAwesome){\n  return true\n}\n~~~\n\nAnd if you'd like to use syntax highlighting, include the language:\n\n~~~javascript\nif (isAwesome){\n  return true\n}\n~~~\n\n","route":"#lab/{{COURSEURL}}/topic-01/unit-1/book-a/01"},{"title":"# Tables, Lines and Images","shortTitle":"02","contentMd":"# Tables, Lines and Images\n\n\nTables can look like this:\n\nHead 1 | Head 2\n------ | -------\ncell 1 | cell 2\ncell 3 | cell 4\n\n\n---\n\nA horizontal rules above and below\n\n---\n\nSome more images:\n\n![](img/01.jpg)","route":"#lab/{{COURSEURL}}/topic-01/unit-1/book-a/02"},{"title":"# Links and Code Blocks","shortTitle":"03","contentMd":"# Links and Code Blocks\n\nYou can inert links in bullet points:\n\n- <http://github.com>\n- <http://bitbucket.dom>\n\nYou can also insert links to other steps:\n\n- [Step 01](#/01)\n- [Step 02](#/02)\n- [Step 03](#/03)\n- [Step 04](#/04)\n\nMore Code Block examples\n\n~~~\n  publish(path, course) {\n    const basePath = '../' + path + '/' + this.folder;\n    futils.initEmptyPath(basePath);\n\n    this.resources = this.talks.concat(this.labs);\n    futils.copyFileToFolder(this.img, basePath);\n    futils.writeFile(basePath + '/index.html', nunjucks.render('topic.html', this));\n\n    futils.writeFile(basePath + '/ajaxlabel.html',\n        nunjucks.render('ajaxlabel.html',\n            { url: this.url.substring(5) + '/' + this.folder }));\n    futils.writeFile(basePath + '/indexmoodle.html', nunjucks.render('indexmoodle.html', this));\n\n    console.log(this.title);\n    this.publishTalks(basePath);\n    this.publishLabs(basePath, course);\n  }\n~~~\n\nThis was autodetected as javascript. This one is html:\n\n~~~\n<div class=\"ui segment pushable\">\n  <div class=\"ui inverted labeled icon left inline vertical sidebar menu\">\n    {% for resource in course.allLabs.resources %}\n      {% if resource.title == title %}\n        <a class=\"active item\" href=\"../../{{resource.parentFolder}}/{{resource.folder}}/{{resource.link}}\">\n          {{resource.title}}\n        </a>\n      {% else %}\n        <a class=\"item\" href=\"../../{{resource.parentFolder}}/{{resource.folder}}/{{resource.link}}\">\n          {{resource.title}}\n        </a>\n      {% endif %}\n    {% endfor %}\n  </div>\n  <div class=\"pusher\">\n    <div class=\"ui basic segment\">\n      <br>\n      {% for chapter in chapters %}\n      <div  class=\"ui tab segment lab\" data-tab=\"{{chapter.shortTitle}}\">\n        {{ chapter.content }}\n      </div>\n     {% endfor %}\n    </div>\n  </div>\n</div>\n~~~\n","route":"#lab/{{COURSEURL}}/topic-01/unit-1/book-a/03"},{"title":"# Images","shortTitle":"04","contentMd":"# Images\n\nImage without a title:\n\n![](img/04.jpg)\n\nImage with a title:\n\n![This is a Stone Arch](img/03.jpg)\n","route":"#lab/{{COURSEURL}}/topic-01/unit-1/book-a/04"},{"title":"# Katex","shortTitle":"05","contentMd":"# Katex\n\nLarex support via the [Katex](https://katex.org/) Library.\n\n## Example 0\n\n```asciimath\nE=mc^2\n```\n\n## Example 1\n\n```latex\nc = \\pm\\sqrt{a^2 + b^2}\n```\n\n## Example 2\n\n\n```latex\nx=\\frac{ -b\\pm\\sqrt{ b^2-4ac } } {2a}\n```\n\n## Example 3\n\n\n```latex\nf(x) = \\int_{-\\infty}^\\infty\\hat f(\\xi)\\,e^{2 \\pi i \\xi x}\\,d\\xi\n```\n\n## Example 4\n\n\n```asciimath\ng(x) = 3x^4 + 2x^2\n```\n\n## Example 5\n\n\n```latex\n\nx=\\frac{ -b\\pm\\sqrt{ b^2-4ac } } {2a}\n\n\\sum_{i=1}^n i^3 = \\left( \\frac{n(g(n)+1)} 2 \\right) ^2\n\nc = \\pm\\sqrt{a^2 + b^2}\n```\n\n## Example 6\n\n~~~latex\n\n\\frac{1}{\\Bigl(\\sqrt{\\phi \\sqrt{5}}-\\phi\\Bigr) e^{\\frac25 \\pi}} = 1+\\frac{e^{-2\\pi}} {1+\\frac{e^{-4\\pi}} {1+\\frac{e^{-6\\pi}} {1+\\frac{e^{-8\\pi}} {1+\\cdots} } } }\n\n~~~\n\n## Example 7\n\n~~~latex\n1 +  \\frac{q^2}{(1-q)}+\\frac{q^6}{(1-q)(1-q^2)}+\\cdots = \\prod_{j=0}^{\\infty}\\frac{1}{(1-q^{5j+2})(1-q^{5j+3})}, \\quad\\quad \\text{for }\\lvert q\\rvert<1.\n~~~","route":"#lab/{{COURSEURL}}/topic-01/unit-1/book-a/05"},{"title":"# Exercises & Archives","shortTitle":"Exercises","contentMd":"# Exercises & Archives\n\nYou can link to zipped archives:\n\n- [Solutions](./archives/archive.zip)\n\nThis archive must be placed in the `archives` folder as shown above.\n\n## Exercise 1:\n\nInstructions for exercise 1.\n\n## Exercise 2:\n\nInstructions for exercise 2.\n\n## Exercise 3:\n\nInstructions for exercise 3.\n","route":"#lab/{{COURSEURL}}/topic-01/unit-1/book-a/Exercises"}]}]},{"title":"Unit 2 Title ","type":"unit","summary":"","img":"https://{{COURSEURL}}/topic-01/unit-2/talk-1/talk-1.jpg","videoids":{"videoid":"","videoIds":[]},"id":"unit-2","route":"#topic/{{COURSEURL}}/topic-01/","hide":false,"los":[{"title":"Lecture 3 ","type":"talk","summary":"A short summary of the talk, no more than two sentences. Avoid bullet points or links for formatting reasons.","img":"https://{{COURSEURL}}/topic-01/unit-2/talk-1/talk-1.jpg","videoids":{"videoid":"","videoIds":[]},"id":"talk-1","route":"#talk/{{COURSEURL}}/topic-01/unit-2/talk-1/talk-1.pdf","hide":false,"pdf":"https://{{COURSEURL}}/topic-01/unit-2/talk-1/talk-1.pdf"},{"title":"Lecture 4 ","type":"talk","summary":"A short summary of the talk, no more than two sentences. Avoid bullet points or links for formatting reasons.","img":"https://{{COURSEURL}}/topic-01/unit-2/talk-2/talk-2.jpg","videoids":{"videoid":"","videoIds":[]},"id":"talk-2","route":"#talk/{{COURSEURL}}/topic-01/unit-2/talk-2/talk-2.pdf","hide":false,"pdf":"https://{{COURSEURL}}/topic-01/unit-2/talk-2/talk-2.pdf"},{"title":"Lab-02","type":"lab","summary":"A few sentences on the purpose of the lab. Avoid bullet points here for formatting reasons.","img":"https://{{COURSEURL}}/topic-01/unit-2/book-a/img/main.jpg","videoids":{"videoid":"","videoIds":[]},"id":"book-a","route":"#lab/{{COURSEURL}}/topic-01/unit-2/book-a","hide":false,"los":[{"title":"# Objectives","shortTitle":"Lab-02","contentMd":"# Objectives\n\nA few sentences on the purpose of the lab. Avoid bullet points here for formatting reasons.","route":"#lab/{{COURSEURL}}/topic-01/unit-2/book-a/Lab-02"},{"title":"# Text","shortTitle":"01","contentMd":"# Text\n\nIt's very easy to make some words **bold** and other words *italic* with Markdown. You can even [inset a link to Google](http://google.com)\n\n## Lists\n\nSometimes you want numbered lists:\n\n1. One\n2. Two\n3. Three\n\nSometimes you want bullet points:\n\n* Start a line with a star\n* Profit!\n\nAlternatively,\n\n- Dashes work just as well\n- And if you have sub points, put two spaces before the dash or star:\n  - Like this\n  - And this\n\n## Images\n\nIf you want a link to a local image, place the image in the `img` folder and then insert a link like this:\n\n![](img/02.jpg)\n\nAlternatively you can directly link to images on the web:\n\n![Image of Yaktocat](https://octodex.github.com/images/yaktocat.png)\n\nThe above includes a title.\n\n# Structured documents\n\nSometimes it's useful to have different levels of headings to structure your documents. Start lines with a `#` to create headings. Multiple `##` in a row denote smaller heading sizes.\n\n### This is a third-tier heading\n\nYou can use one `#` all the way up to `######` six for different heading sizes.\n\nIf you'd like to quote someone, use the > character before the line:\n\n> Coffee. The finest organic suspension ever devised... I beat the Borg with it.\n> - Captain Janeway\n\nThere are many different ways to style code with GitHub's markdown. If you have inline code blocks, wrap them in backticks: `var example = true`.  If you've got a longer block of code, you can indent with four spaces:\n\n    if (isAwesome){\n      return true\n    }\n\nGitHub also supports something called code fencing, which allows for multiple lines without indentation:\n\n~~~\nif (isAwesome){\n  return true\n}\n~~~\n\nAnd if you'd like to use syntax highlighting, include the language:\n\n~~~javascript\nif (isAwesome){\n  return true\n}\n~~~\n\n","route":"#lab/{{COURSEURL}}/topic-01/unit-2/book-a/01"},{"title":"# Tables, Lines and Images","shortTitle":"02","contentMd":"# Tables, Lines and Images\n\n\nTables can look like this:\n\nHead 1 | Head 2\n------ | -------\ncell 1 | cell 2\ncell 3 | cell 4\n\n\n---\n\nA horizontal rules above and below\n\n---\n\nSome more images:\n\n![](img/01.jpg)","route":"#lab/{{COURSEURL}}/topic-01/unit-2/book-a/02"},{"title":"# Links and Code Blocks","shortTitle":"03","contentMd":"# Links and Code Blocks\n\nYou can inert links in bullet points:\n\n- <http://github.com>\n- <http://bitbucket.dom>\n\nYou can also insert links to other steps:\n\n- [Step 01](#/01)\n- [Step 02](#/02)\n- [Step 03](#/03)\n- [Step 04](#/04)\n\nMore Code Block examples\n\n~~~\n  publish(path, course) {\n    const basePath = '../' + path + '/' + this.folder;\n    futils.initEmptyPath(basePath);\n\n    this.resources = this.talks.concat(this.labs);\n    futils.copyFileToFolder(this.img, basePath);\n    futils.writeFile(basePath + '/index.html', nunjucks.render('topic.html', this));\n\n    futils.writeFile(basePath + '/ajaxlabel.html',\n        nunjucks.render('ajaxlabel.html',\n            { url: this.url.substring(5) + '/' + this.folder }));\n    futils.writeFile(basePath + '/indexmoodle.html', nunjucks.render('indexmoodle.html', this));\n\n    console.log(this.title);\n    this.publishTalks(basePath);\n    this.publishLabs(basePath, course);\n  }\n~~~\n\nThis was autodetected as javascript. This one is html:\n\n~~~\n<div class=\"ui segment pushable\">\n  <div class=\"ui inverted labeled icon left inline vertical sidebar menu\">\n    {% for resource in course.allLabs.resources %}\n      {% if resource.title == title %}\n        <a class=\"active item\" href=\"../../{{resource.parentFolder}}/{{resource.folder}}/{{resource.link}}\">\n          {{resource.title}}\n        </a>\n      {% else %}\n        <a class=\"item\" href=\"../../{{resource.parentFolder}}/{{resource.folder}}/{{resource.link}}\">\n          {{resource.title}}\n        </a>\n      {% endif %}\n    {% endfor %}\n  </div>\n  <div class=\"pusher\">\n    <div class=\"ui basic segment\">\n      <br>\n      {% for chapter in chapters %}\n      <div  class=\"ui tab segment lab\" data-tab=\"{{chapter.shortTitle}}\">\n        {{ chapter.content }}\n      </div>\n     {% endfor %}\n    </div>\n  </div>\n</div>\n~~~\n","route":"#lab/{{COURSEURL}}/topic-01/unit-2/book-a/03"},{"title":"# Images","shortTitle":"04","contentMd":"# Images\n\nImage without a title:\n\n![](img/04.jpg)\n\nImage with a title:\n\n![This is a Stone Arch](img/03.jpg)\n","route":"#lab/{{COURSEURL}}/topic-01/unit-2/book-a/04"},{"title":"# Exercises & Archives","shortTitle":"Exercises","contentMd":"# Exercises & Archives\n\nYou can link to zipped archives:\n\n- [Solutions](./archives/archive.zip)\n\nThis archive must be placed in the `archives` folder as shown above.\n\n## Exercise 1:\n\nInstructions for exercise 1.\n\n## Exercise 2:\n\nInstructions for exercise 2.\n\n## Exercise 3:\n\nInstructions for exercise 3.\n","route":"#lab/{{COURSEURL}}/topic-01/unit-2/book-a/Exercises"}]}]}]},{"title":" Units with Videos ","type":"topic","summary":"This topic has 2 units - these have video resources","img":"https://{{COURSEURL}}/topic-02/topic.jpg","videoids":{"videoid":"","videoIds":[]},"id":"topic-02","route":"#topic/{{COURSEURL}}/topic-02","hide":false,"los":[{"title":"Unit 3 Title ","type":"unit","summary":"","img":"https://{{COURSEURL}}/topic-02/unit-1/talk-1/talk-1.jpg","videoids":{"videoid":"","videoIds":[]},"id":"unit-1","route":"#topic/{{COURSEURL}}/topic-02/","hide":false,"los":[{"title":"Lecture 5 ","type":"talk","summary":"A short summary of the talk, no more than two sentences. Avoid bullet points or links for formatting reasons.","img":"https://{{COURSEURL}}/topic-02/unit-1/talk-1/talk-1.jpg","video":"#video/{{COURSEURL}}/topic-02/unit-1/talk-1/BpwNfye_0Sg","videoids":{"videoid":"BpwNfye_0Sg","videoIds":[{"service":"youtube","id":"BpwNfye_0Sg"}]},"id":"talk-1","route":"#talk/{{COURSEURL}}/topic-02/unit-1/talk-1/talk-1.pdf","hide":false,"pdf":"https://{{COURSEURL}}/topic-02/unit-1/talk-1/talk-1.pdf"},{"title":"Lecture 6 ","type":"talk","summary":"A short summary of the talk, no more than two sentences. Avoid bullet points or links for formatting reasons.","img":"https://{{COURSEURL}}/topic-02/unit-1/talk-2/talk-2.jpg","video":"#video/{{COURSEURL}}/topic-02/unit-1/talk-2/_0yEIAvjsPQ","videoids":{"videoid":"_0yEIAvjsPQ","videoIds":[{"service":"youtube","id":"_0yEIAvjsPQ"}]},"id":"talk-2","route":"#talk/{{COURSEURL}}/topic-02/unit-1/talk-2/talk-2.pdf","hide":false,"pdf":"https://{{COURSEURL}}/topic-02/unit-1/talk-2/talk-2.pdf"},{"title":"Lab-03","type":"lab","summary":"A few sentences on the purpose of the lab. Avoid bullet points here for formatting reasons.","img":"https://{{COURSEURL}}/topic-02/unit-1/book-a/img/main.png","videoids":{"videoid":"","videoIds":[]},"id":"book-a","route":"#lab/{{COURSEURL}}/topic-02/unit-1/book-a","hide":false,"los":[{"title":"# Objectives","shortTitle":"Lab-03","contentMd":"# Objectives\n\nA few sentences on the purpose of the lab. Avoid bullet points here for formatting reasons.","route":"#lab/{{COURSEURL}}/topic-02/unit-1/book-a/Lab-03"},{"title":"# Text","shortTitle":"01","contentMd":"# Text\n\nIt's very easy to make some words **bold** and other words *italic* with Markdown. You can even [inset a link to Google](http://google.com)\n\n## Lists\n\nSometimes you want numbered lists:\n\n1. One\n2. Two\n3. Three\n\nSometimes you want bullet points:\n\n* Start a line with a star\n* Profit!\n\nAlternatively,\n\n- Dashes work just as well\n- And if you have sub points, put two spaces before the dash or star:\n  - Like this\n  - And this\n\n## Images\n\nIf you want a link to a local image, place the image in the `img` folder and then insert a link like this:\n\n![](img/02.jpg)\n\nAlternatively you can directly link to images on the web:\n\n![Image of Yaktocat](https://octodex.github.com/images/yaktocat.png)\n\nThe above includes a title.\n\n# Structured documents\n\nSometimes it's useful to have different levels of headings to structure your documents. Start lines with a `#` to create headings. Multiple `##` in a row denote smaller heading sizes.\n\n### This is a third-tier heading\n\nYou can use one `#` all the way up to `######` six for different heading sizes.\n\nIf you'd like to quote someone, use the > character before the line:\n\n> Coffee. The finest organic suspension ever devised... I beat the Borg with it.\n> - Captain Janeway\n\nThere are many different ways to style code with GitHub's markdown. If you have inline code blocks, wrap them in backticks: `var example = true`.  If you've got a longer block of code, you can indent with four spaces:\n\n    if (isAwesome){\n      return true\n    }\n\nGitHub also supports something called code fencing, which allows for multiple lines without indentation:\n\n~~~\nif (isAwesome){\n  return true\n}\n~~~\n\nAnd if you'd like to use syntax highlighting, include the language:\n\n~~~javascript\nif (isAwesome){\n  return true\n}\n~~~\n\n","route":"#lab/{{COURSEURL}}/topic-02/unit-1/book-a/01"},{"title":"# Tables, Lines and Images","shortTitle":"02","contentMd":"# Tables, Lines and Images\n\n\nTables can look like this:\n\nHead 1 | Head 2\n------ | -------\ncell 1 | cell 2\ncell 3 | cell 4\n\n\n---\n\nA horizontal rules above and below\n\n---\n\nSome more images:\n\n![](img/01.jpg)","route":"#lab/{{COURSEURL}}/topic-02/unit-1/book-a/02"},{"title":"# Links and Code Blocks","shortTitle":"03","contentMd":"# Links and Code Blocks\n\nYou can inert links in bullet points:\n\n- <http://github.com>\n- <http://bitbucket.dom>\n\nYou can also insert links to other steps:\n\n- [Step 01](#/01)\n- [Step 02](#/02)\n- [Step 03](#/03)\n- [Step 04](#/04)\n\nMore Code Block examples\n\n~~~\n  publish(path, course) {\n    const basePath = '../' + path + '/' + this.folder;\n    futils.initEmptyPath(basePath);\n\n    this.resources = this.talks.concat(this.labs);\n    futils.copyFileToFolder(this.img, basePath);\n    futils.writeFile(basePath + '/index.html', nunjucks.render('topic.html', this));\n\n    futils.writeFile(basePath + '/ajaxlabel.html',\n        nunjucks.render('ajaxlabel.html',\n            { url: this.url.substring(5) + '/' + this.folder }));\n    futils.writeFile(basePath + '/indexmoodle.html', nunjucks.render('indexmoodle.html', this));\n\n    console.log(this.title);\n    this.publishTalks(basePath);\n    this.publishLabs(basePath, course);\n  }\n~~~\n\nThis was autodetected as javascript. This one is html:\n\n~~~\n<div class=\"ui segment pushable\">\n  <div class=\"ui inverted labeled icon left inline vertical sidebar menu\">\n    {% for resource in course.allLabs.resources %}\n      {% if resource.title == title %}\n        <a class=\"active item\" href=\"../../{{resource.parentFolder}}/{{resource.folder}}/{{resource.link}}\">\n          {{resource.title}}\n        </a>\n      {% else %}\n        <a class=\"item\" href=\"../../{{resource.parentFolder}}/{{resource.folder}}/{{resource.link}}\">\n          {{resource.title}}\n        </a>\n      {% endif %}\n    {% endfor %}\n  </div>\n  <div class=\"pusher\">\n    <div class=\"ui basic segment\">\n      <br>\n      {% for chapter in chapters %}\n      <div  class=\"ui tab segment lab\" data-tab=\"{{chapter.shortTitle}}\">\n        {{ chapter.content }}\n      </div>\n     {% endfor %}\n    </div>\n  </div>\n</div>\n~~~\n","route":"#lab/{{COURSEURL}}/topic-02/unit-1/book-a/03"},{"title":"# Images","shortTitle":"04","contentMd":"# Images\n\nImage without a title:\n\n![](img/04.jpg)\n\nImage with a title:\n\n![This is a Stone Arch](img/03.jpg)\n","route":"#lab/{{COURSEURL}}/topic-02/unit-1/book-a/04"},{"title":"# Exercises & Archives","shortTitle":"Exercises","contentMd":"# Exercises & Archives\n\nYou can link to zipped archives:\n\n- [Solutions](./archives/archive.zip)\n\nThis archive must be placed in the `archives` folder as shown above.\n\n## Exercise 1:\n\nInstructions for exercise 1.\n\n## Exercise 2:\n\nInstructions for exercise 2.\n\n## Exercise 3:\n\nInstructions for exercise 3.\n","route":"#lab/{{COURSEURL}}/topic-02/unit-1/book-a/Exercises"}]},{"title":"01: Overview ","type":"panelvideo","summary":"01: Overview","img":"https://{{COURSEURL}}/topic-02/unit-1/panelvideo/","video":"#video/{{COURSEURL}}/topic-02/unit-1/panelvideo/n8EYEhOPIm4","videoids":{"videoid":"n8EYEhOPIm4","videoIds":[{"service":"youtube","id":"n8EYEhOPIm4"}]},"id":"panelvideo","route":"#video/{{COURSEURL}}/topic-02/unit-1/panelvideo/n8EYEhOPIm4","hide":false}]},{"title":"Unit 4 Title ","type":"unit","summary":"","img":"https://{{COURSEURL}}/topic-02/unit-2/talk-1/talk-1.jpg","videoids":{"videoid":"","videoIds":[]},"id":"unit-2","route":"#topic/{{COURSEURL}}/topic-02/","hide":false,"los":[{"title":"Lecture 7 ","type":"talk","summary":"A short summary of the talk, no more than two sentences. Avoid bullet points or links for formatting reasons.","img":"https://{{COURSEURL}}/topic-02/unit-2/talk-1/talk-1.jpg","video":"#video/{{COURSEURL}}/topic-02/unit-2/talk-1/BpwNfye_0Sg","videoids":{"videoid":"BpwNfye_0Sg","videoIds":[{"service":"youtube","id":"BpwNfye_0Sg"}]},"id":"talk-1","route":"#talk/{{COURSEURL}}/topic-02/unit-2/talk-1/talk-1.pdf","hide":false,"pdf":"https://{{COURSEURL}}/topic-02/unit-2/talk-1/talk-1.pdf"},{"title":"Lecture 8 ","type":"talk","summary":"A short summary of the talk, no more than two sentences. Avoid bullet points or links for formatting reasons.","img":"https://{{COURSEURL}}/topic-02/unit-2/talk-2/talk-2.jpg","videoids":{"videoid":"","videoIds":[]},"id":"talk-2","route":"#talk/{{COURSEURL}}/topic-02/unit-2/talk-2/talk-2.pdf","hide":false,"pdf":"https://{{COURSEURL}}/topic-02/unit-2/talk-2/talk-2.pdf"},{"title":"Lab-04","type":"lab","summary":"A few sentences on the purpose of the lab. Avoid bullet points here for formatting reasons.","img":"https://{{COURSEURL}}/topic-02/unit-2/book-a/img/main.jpg","videoids":{"videoid":"","videoIds":[]},"id":"book-a","route":"#lab/{{COURSEURL}}/topic-02/unit-2/book-a","hide":false,"los":[{"title":"# Objectives","shortTitle":"Lab-04","contentMd":"# Objectives\n\nA few sentences on the purpose of the lab. Avoid bullet points here for formatting reasons.","route":"#lab/{{COURSEURL}}/topic-02/unit-2/book-a/Lab-04"},{"title":"# Text","shortTitle":"01","contentMd":"# Text\n\nIt's very easy to make some words **bold** and other words *italic* with Markdown. You can even [inset a link to Google](http://google.com)\n\n## Lists\n\nSometimes you want numbered lists:\n\n1. One\n2. Two\n3. Three\n\nSometimes you want bullet points:\n\n* Start a line with a star\n* Profit!\n\nAlternatively,\n\n- Dashes work just as well\n- And if you have sub points, put two spaces before the dash or star:\n  - Like this\n  - And this\n\n## Images\n\nIf you want a link to a local image, place the image in the `img` folder and then insert a link like this:\n\n![](img/02.jpg)\n\nAlternatively you can directly link to images on the web:\n\n![Image of Yaktocat](https://octodex.github.com/images/yaktocat.png)\n\nThe above includes a title.\n\n# Structured documents\n\nSometimes it's useful to have different levels of headings to structure your documents. Start lines with a `#` to create headings. Multiple `##` in a row denote smaller heading sizes.\n\n### This is a third-tier heading\n\nYou can use one `#` all the way up to `######` six for different heading sizes.\n\nIf you'd like to quote someone, use the > character before the line:\n\n> Coffee. The finest organic suspension ever devised... I beat the Borg with it.\n> - Captain Janeway\n\nThere are many different ways to style code with GitHub's markdown. If you have inline code blocks, wrap them in backticks: `var example = true`.  If you've got a longer block of code, you can indent with four spaces:\n\n    if (isAwesome){\n      return true\n    }\n\nGitHub also supports something called code fencing, which allows for multiple lines without indentation:\n\n~~~\nif (isAwesome){\n  return true\n}\n~~~\n\nAnd if you'd like to use syntax highlighting, include the language:\n\n~~~javascript\nif (isAwesome){\n  return true\n}\n~~~\n\n","route":"#lab/{{COURSEURL}}/topic-02/unit-2/book-a/01"},{"title":"# Tables, Lines and Images","shortTitle":"02","contentMd":"# Tables, Lines and Images\n\n\nTables can look like this:\n\nHead 1 | Head 2\n------ | -------\ncell 1 | cell 2\ncell 3 | cell 4\n\n\n---\n\nA horizontal rules above and below\n\n---\n\nSome more images:\n\n![](img/01.jpg)","route":"#lab/{{COURSEURL}}/topic-02/unit-2/book-a/02"},{"title":"# Links and Code Blocks","shortTitle":"03","contentMd":"# Links and Code Blocks\n\nYou can inert links in bullet points:\n\n- <http://github.com>\n- <http://bitbucket.dom>\n\nYou can also insert links to other steps:\n\n- [Step 01](#/01)\n- [Step 02](#/02)\n- [Step 03](#/03)\n- [Step 04](#/04)\n\nMore Code Block examples\n\n~~~\n  publish(path, course) {\n    const basePath = '../' + path + '/' + this.folder;\n    futils.initEmptyPath(basePath);\n\n    this.resources = this.talks.concat(this.labs);\n    futils.copyFileToFolder(this.img, basePath);\n    futils.writeFile(basePath + '/index.html', nunjucks.render('topic.html', this));\n\n    futils.writeFile(basePath + '/ajaxlabel.html',\n        nunjucks.render('ajaxlabel.html',\n            { url: this.url.substring(5) + '/' + this.folder }));\n    futils.writeFile(basePath + '/indexmoodle.html', nunjucks.render('indexmoodle.html', this));\n\n    console.log(this.title);\n    this.publishTalks(basePath);\n    this.publishLabs(basePath, course);\n  }\n~~~\n\nThis was autodetected as javascript. This one is html:\n\n~~~\n<div class=\"ui segment pushable\">\n  <div class=\"ui inverted labeled icon left inline vertical sidebar menu\">\n    {% for resource in course.allLabs.resources %}\n      {% if resource.title == title %}\n        <a class=\"active item\" href=\"../../{{resource.parentFolder}}/{{resource.folder}}/{{resource.link}}\">\n          {{resource.title}}\n        </a>\n      {% else %}\n        <a class=\"item\" href=\"../../{{resource.parentFolder}}/{{resource.folder}}/{{resource.link}}\">\n          {{resource.title}}\n        </a>\n      {% endif %}\n    {% endfor %}\n  </div>\n  <div class=\"pusher\">\n    <div class=\"ui basic segment\">\n      <br>\n      {% for chapter in chapters %}\n      <div  class=\"ui tab segment lab\" data-tab=\"{{chapter.shortTitle}}\">\n        {{ chapter.content }}\n      </div>\n     {% endfor %}\n    </div>\n  </div>\n</div>\n~~~\n","route":"#lab/{{COURSEURL}}/topic-02/unit-2/book-a/03"},{"title":"# Images","shortTitle":"04","contentMd":"# Images\n\nImage without a title:\n\n![](img/04.jpg)\n\nImage with a title:\n\n![This is a Stone Arch](img/03.jpg)\n","route":"#lab/{{COURSEURL}}/topic-02/unit-2/book-a/04"},{"title":"# Exercises & Archives","shortTitle":"Exercises","contentMd":"# Exercises & Archives\n\nYou can link to zipped archives:\n\n- [Solutions](./archives/archive.zip)\n\nThis archive must be placed in the `archives` folder as shown above.\n\n## Exercise 1:\n\nInstructions for exercise 1.\n\n## Exercise 2:\n\nInstructions for exercise 2.\n\n## Exercise 3:\n\nInstructions for exercise 3.\n","route":"#lab/{{COURSEURL}}/topic-02/unit-2/book-a/Exercises"}]}]}]},{"title":" Units with Archive + Web links ","type":"topic","summary":"This topic has 2 units - these have archives and links to zoom and podcasts","img":"https://{{COURSEURL}}/topic-03/topic.jpg","videoids":{"videoid":"","videoIds":[]},"id":"topic-03","route":"#topic/{{COURSEURL}}/topic-03","hide":false,"los":[{"title":"Unit 5 Title ","type":"unit","summary":"","img":"https://{{COURSEURL}}/topic-03/unit-1/talk-1/talk-1.jpg","videoids":{"videoid":"","videoIds":[]},"id":"unit-1","route":"#topic/{{COURSEURL}}/topic-03/","hide":false,"los":[{"title":"Lecture 9 ","type":"talk","summary":"A short summary of the talk, no more than two sentences. Avoid bullet points or links for formatting reasons.","img":"https://{{COURSEURL}}/topic-03/unit-1/talk-1/talk-1.jpg","video":"#video/{{COURSEURL}}/topic-03/unit-1/talk-1/BpwNfye_0Sg","videoids":{"videoid":"BpwNfye_0Sg","videoIds":[{"service":"youtube","id":"BpwNfye_0Sg"}]},"id":"talk-1","route":"#talk/{{COURSEURL}}/topic-03/unit-1/talk-1/talk-1.pdf","hide":false,"pdf":"https://{{COURSEURL}}/topic-03/unit-1/talk-1/talk-1.pdf"},{"title":"Lab-05","type":"lab","summary":"A few sentences on the purpose of the lab. Avoid bullet points here for formatting reasons.","img":"https://{{COURSEURL}}/topic-03/unit-1/book-a/img/main.png","videoids":{"videoid":"","videoIds":[]},"id":"book-a","route":"#lab/{{COURSEURL}}/topic-03/unit-1/book-a","hide":false,"los":[{"title":"# Objectives","shortTitle":"Lab-05","contentMd":"# Objectives\n\nA few sentences on the purpose of the lab. Avoid bullet points here for formatting reasons.","route":"#lab/{{COURSEURL}}/topic-03/unit-1/book-a/Lab-05"},{"title":"# Text","shortTitle":"01","contentMd":"# Text\n\nIt's very easy to make some words **bold** and other words *italic* with Markdown. You can even [inset a link to Google](http://google.com)\n\n## Lists\n\nSometimes you want numbered lists:\n\n1. One\n2. Two\n3. Three\n\nSometimes you want bullet points:\n\n* Start a line with a star\n* Profit!\n\nAlternatively,\n\n- Dashes work just as well\n- And if you have sub points, put two spaces before the dash or star:\n  - Like this\n  - And this\n\n## Images\n\nIf you want a link to a local image, place the image in the `img` folder and then insert a link like this:\n\n![](img/02.jpg)\n\nAlternatively you can directly link to images on the web:\n\n![Image of Yaktocat](https://octodex.github.com/images/yaktocat.png)\n\nThe above includes a title.\n\n# Structured documents\n\nSometimes it's useful to have different levels of headings to structure your documents. Start lines with a `#` to create headings. Multiple `##` in a row denote smaller heading sizes.\n\n### This is a third-tier heading\n\nYou can use one `#` all the way up to `######` six for different heading sizes.\n\nIf you'd like to quote someone, use the > character before the line:\n\n> Coffee. The finest organic suspension ever devised... I beat the Borg with it.\n> - Captain Janeway\n\nThere are many different ways to style code with GitHub's markdown. If you have inline code blocks, wrap them in backticks: `var example = true`.  If you've got a longer block of code, you can indent with four spaces:\n\n    if (isAwesome){\n      return true\n    }\n\nGitHub also supports something called code fencing, which allows for multiple lines without indentation:\n\n~~~\nif (isAwesome){\n  return true\n}\n~~~\n\nAnd if you'd like to use syntax highlighting, include the language:\n\n~~~javascript\nif (isAwesome){\n  return true\n}\n~~~\n\n","route":"#lab/{{COURSEURL}}/topic-03/unit-1/book-a/01"},{"title":"# Tables, Lines and Images","shortTitle":"02","contentMd":"# Tables, Lines and Images\n\n\nTables can look like this:\n\nHead 1 | Head 2\n------ | -------\ncell 1 | cell 2\ncell 3 | cell 4\n\n\n---\n\nA horizontal rules above and below\n\n---\n\nSome more images:\n\n![](img/01.jpg)","route":"#lab/{{COURSEURL}}/topic-03/unit-1/book-a/02"},{"title":"# Links and Code Blocks","shortTitle":"03","contentMd":"# Links and Code Blocks\n\nYou can inert links in bullet points:\n\n- <http://github.com>\n- <http://bitbucket.dom>\n\nYou can also insert links to other steps:\n\n- [Step 01](#/01)\n- [Step 02](#/02)\n- [Step 03](#/03)\n- [Step 04](#/04)\n\nMore Code Block examples\n\n~~~\n  publish(path, course) {\n    const basePath = '../' + path + '/' + this.folder;\n    futils.initEmptyPath(basePath);\n\n    this.resources = this.talks.concat(this.labs);\n    futils.copyFileToFolder(this.img, basePath);\n    futils.writeFile(basePath + '/index.html', nunjucks.render('topic.html', this));\n\n    futils.writeFile(basePath + '/ajaxlabel.html',\n        nunjucks.render('ajaxlabel.html',\n            { url: this.url.substring(5) + '/' + this.folder }));\n    futils.writeFile(basePath + '/indexmoodle.html', nunjucks.render('indexmoodle.html', this));\n\n    console.log(this.title);\n    this.publishTalks(basePath);\n    this.publishLabs(basePath, course);\n  }\n~~~\n\nThis was autodetected as javascript. This one is html:\n\n~~~\n<div class=\"ui segment pushable\">\n  <div class=\"ui inverted labeled icon left inline vertical sidebar menu\">\n    {% for resource in course.allLabs.resources %}\n      {% if resource.title == title %}\n        <a class=\"active item\" href=\"../../{{resource.parentFolder}}/{{resource.folder}}/{{resource.link}}\">\n          {{resource.title}}\n        </a>\n      {% else %}\n        <a class=\"item\" href=\"../../{{resource.parentFolder}}/{{resource.folder}}/{{resource.link}}\">\n          {{resource.title}}\n        </a>\n      {% endif %}\n    {% endfor %}\n  </div>\n  <div class=\"pusher\">\n    <div class=\"ui basic segment\">\n      <br>\n      {% for chapter in chapters %}\n      <div  class=\"ui tab segment lab\" data-tab=\"{{chapter.shortTitle}}\">\n        {{ chapter.content }}\n      </div>\n     {% endfor %}\n    </div>\n  </div>\n</div>\n~~~\n","route":"#lab/{{COURSEURL}}/topic-03/unit-1/book-a/03"},{"title":"# Images","shortTitle":"04","contentMd":"# Images\n\nImage without a title:\n\n![](img/04.jpg)\n\nImage with a title:\n\n![This is a Stone Arch](img/03.jpg)\n","route":"#lab/{{COURSEURL}}/topic-03/unit-1/book-a/04"},{"title":"# Exercises & Archives","shortTitle":"Exercises","contentMd":"# Exercises & Archives\n\nYou can link to zipped archives:\n\n- [Solutions](./archives/archive.zip)\n\nThis archive must be placed in the `archives` folder as shown above.\n\n## Exercise 1:\n\nInstructions for exercise 1.\n\n## Exercise 2:\n\nInstructions for exercise 2.\n\n## Exercise 3:\n\nInstructions for exercise 3.\n","route":"#lab/{{COURSEURL}}/topic-03/unit-1/book-a/Exercises"}]},{"title":"Lab-06","type":"lab","summary":"A few sentences on the purpose of the lab. Avoid bullet points here for formatting reasons.","img":"https://{{COURSEURL}}/topic-03/unit-1/book-b/img/main.png","videoids":{"videoid":"","videoIds":[]},"id":"book-b","route":"#lab/{{COURSEURL}}/topic-03/unit-1/book-b","hide":false,"los":[{"title":"# Objectives","shortTitle":"Lab-06","contentMd":"# Objectives\n\nA few sentences on the purpose of the lab. Avoid bullet points here for formatting reasons.","route":"#lab/{{COURSEURL}}/topic-03/unit-1/book-b/Lab-06"},{"title":"# Text","shortTitle":"01","contentMd":"# Text\n\nIt's very easy to make some words **bold** and other words *italic* with Markdown. You can even [inset a link to Google](http://google.com)\n\n## Lists\n\nSometimes you want numbered lists:\n\n1. One\n2. Two\n3. Three\n\nSometimes you want bullet points:\n\n* Start a line with a star\n* Profit!\n\nAlternatively,\n\n- Dashes work just as well\n- And if you have sub points, put two spaces before the dash or star:\n  - Like this\n  - And this\n\n## Images\n\nIf you want a link to a local image, place the image in the `img` folder and then insert a link like this:\n\n![](img/02.jpg)\n\nAlternatively you can directly link to images on the web:\n\n![Image of Yaktocat](https://octodex.github.com/images/yaktocat.png)\n\nThe above includes a title.\n\n# Structured documents\n\nSometimes it's useful to have different levels of headings to structure your documents. Start lines with a `#` to create headings. Multiple `##` in a row denote smaller heading sizes.\n\n### This is a third-tier heading\n\nYou can use one `#` all the way up to `######` six for different heading sizes.\n\nIf you'd like to quote someone, use the > character before the line:\n\n> Coffee. The finest organic suspension ever devised... I beat the Borg with it.\n> - Captain Janeway\n\nThere are many different ways to style code with GitHub's markdown. If you have inline code blocks, wrap them in backticks: `var example = true`.  If you've got a longer block of code, you can indent with four spaces:\n\n    if (isAwesome){\n      return true\n    }\n\nGitHub also supports something called code fencing, which allows for multiple lines without indentation:\n\n~~~\nif (isAwesome){\n  return true\n}\n~~~\n\nAnd if you'd like to use syntax highlighting, include the language:\n\n~~~javascript\nif (isAwesome){\n  return true\n}\n~~~\n\n","route":"#lab/{{COURSEURL}}/topic-03/unit-1/book-b/01"},{"title":"# Tables, Lines and Images","shortTitle":"02","contentMd":"# Tables, Lines and Images\n\n\nTables can look like this:\n\nHead 1 | Head 2\n------ | -------\ncell 1 | cell 2\ncell 3 | cell 4\n\n\n---\n\nA horizontal rules above and below\n\n---\n\nSome more images:\n\n![](img/01.jpg)","route":"#lab/{{COURSEURL}}/topic-03/unit-1/book-b/02"},{"title":"# Links and Code Blocks","shortTitle":"03","contentMd":"# Links and Code Blocks\n\nYou can inert links in bullet points:\n\n- <http://github.com>\n- <http://bitbucket.dom>\n\nYou can also insert links to other steps:\n\n- [Step 01](#/01)\n- [Step 02](#/02)\n- [Step 03](#/03)\n- [Step 04](#/04)\n\nMore Code Block examples\n\n~~~\n  publish(path, course) {\n    const basePath = '../' + path + '/' + this.folder;\n    futils.initEmptyPath(basePath);\n\n    this.resources = this.talks.concat(this.labs);\n    futils.copyFileToFolder(this.img, basePath);\n    futils.writeFile(basePath + '/index.html', nunjucks.render('topic.html', this));\n\n    futils.writeFile(basePath + '/ajaxlabel.html',\n        nunjucks.render('ajaxlabel.html',\n            { url: this.url.substring(5) + '/' + this.folder }));\n    futils.writeFile(basePath + '/indexmoodle.html', nunjucks.render('indexmoodle.html', this));\n\n    console.log(this.title);\n    this.publishTalks(basePath);\n    this.publishLabs(basePath, course);\n  }\n~~~\n\nThis was autodetected as javascript. This one is html:\n\n~~~\n<div class=\"ui segment pushable\">\n  <div class=\"ui inverted labeled icon left inline vertical sidebar menu\">\n    {% for resource in course.allLabs.resources %}\n      {% if resource.title == title %}\n        <a class=\"active item\" href=\"../../{{resource.parentFolder}}/{{resource.folder}}/{{resource.link}}\">\n          {{resource.title}}\n        </a>\n      {% else %}\n        <a class=\"item\" href=\"../../{{resource.parentFolder}}/{{resource.folder}}/{{resource.link}}\">\n          {{resource.title}}\n        </a>\n      {% endif %}\n    {% endfor %}\n  </div>\n  <div class=\"pusher\">\n    <div class=\"ui basic segment\">\n      <br>\n      {% for chapter in chapters %}\n      <div  class=\"ui tab segment lab\" data-tab=\"{{chapter.shortTitle}}\">\n        {{ chapter.content }}\n      </div>\n     {% endfor %}\n    </div>\n  </div>\n</div>\n~~~\n","route":"#lab/{{COURSEURL}}/topic-03/unit-1/book-b/03"},{"title":"# Images","shortTitle":"04","contentMd":"# Images\n\nImage without a title:\n\n![](img/04.jpg)\n\nImage with a title:\n\n![This is a Stone Arch](img/03.jpg)\n","route":"#lab/{{COURSEURL}}/topic-03/unit-1/book-b/04"},{"title":"# Exercises & Archives","shortTitle":"Exercises","contentMd":"# Exercises & Archives\n\nYou can link to zipped archives:\n\n- [Solutions](./archives/archive.zip)\n\nThis archive must be placed in the `archives` folder as shown above.\n\n## Exercise 1:\n\nInstructions for exercise 1.\n\n## Exercise 2:\n\nInstructions for exercise 2.\n\n## Exercise 3:\n\nInstructions for exercise 3.\n","route":"#lab/{{COURSEURL}}/topic-03/unit-1/book-b/Exercises"}]},{"title":"Resource I ","type":"archive","summary":"This is not a pdf link, but a zipped archive. If it is selected the archive will be downloaded. Use this to distributed general resources.","img":"https://{{COURSEURL}}/topic-03/unit-1/archive/archive.jpg","videoids":{"videoid":"","videoIds":[]},"id":"archive","route":"https://{{COURSEURL}}/topic-03/unit-1/archive/archive.zip","hide":false}]},{"title":"Unit 6 Title ","type":"unit","summary":"","img":"https://{{COURSEURL}}/topic-03/unit-2/talk-1/talk-1.jpg","videoids":{"videoid":"","videoIds":[]},"id":"unit-2","route":"#topic/{{COURSEURL}}/topic-03/","hide":false,"los":[{"title":"Lecture 10 ","type":"talk","summary":"A short summary of the talk, no more than two sentences. Avoid bullet points or links for formatting reasons.","img":"https://{{COURSEURL}}/topic-03/unit-2/talk-1/talk-1.jpg","video":"#video/{{COURSEURL}}/topic-03/unit-2/talk-1/BpwNfye_0Sg","videoids":{"videoid":"BpwNfye_0Sg","videoIds":[{"service":"youtube","id":"BpwNfye_0Sg"}]},"id":"talk-1","route":"#talk/{{COURSEURL}}/topic-03/unit-2/talk-1/talk-1.pdf","hide":false,"pdf":"https://{{COURSEURL}}/topic-03/unit-2/talk-1/talk-1.pdf"},{"title":"Lab-07","type":"lab","summary":"A few sentences on the purpose of the lab. Avoid bullet points here for formatting reasons.","img":"https://{{COURSEURL}}/topic-03/unit-2/book-a/img/main.jpg","videoids":{"videoid":"","videoIds":[]},"id":"book-a","route":"#lab/{{COURSEURL}}/topic-03/unit-2/book-a","hide":false,"los":[{"title":"# Objectives","shortTitle":"Lab-07","contentMd":"# Objectives\n\nA few sentences on the purpose of the lab. Avoid bullet points here for formatting reasons.","route":"#lab/{{COURSEURL}}/topic-03/unit-2/book-a/Lab-07"},{"title":"# Text","shortTitle":"01","contentMd":"# Text\n\nIt's very easy to make some words **bold** and other words *italic* with Markdown. You can even [inset a link to Google](http://google.com)\n\n## Lists\n\nSometimes you want numbered lists:\n\n1. One\n2. Two\n3. Three\n\nSometimes you want bullet points:\n\n* Start a line with a star\n* Profit!\n\nAlternatively,\n\n- Dashes work just as well\n- And if you have sub points, put two spaces before the dash or star:\n  - Like this\n  - And this\n\n## Images\n\nIf you want a link to a local image, place the image in the `img` folder and then insert a link like this:\n\n![](img/02.jpg)\n\nAlternatively you can directly link to images on the web:\n\n![Image of Yaktocat](https://octodex.github.com/images/yaktocat.png)\n\nThe above includes a title.\n\n# Structured documents\n\nSometimes it's useful to have different levels of headings to structure your documents. Start lines with a `#` to create headings. Multiple `##` in a row denote smaller heading sizes.\n\n### This is a third-tier heading\n\nYou can use one `#` all the way up to `######` six for different heading sizes.\n\nIf you'd like to quote someone, use the > character before the line:\n\n> Coffee. The finest organic suspension ever devised... I beat the Borg with it.\n> - Captain Janeway\n\nThere are many different ways to style code with GitHub's markdown. If you have inline code blocks, wrap them in backticks: `var example = true`.  If you've got a longer block of code, you can indent with four spaces:\n\n    if (isAwesome){\n      return true\n    }\n\nGitHub also supports something called code fencing, which allows for multiple lines without indentation:\n\n~~~\nif (isAwesome){\n  return true\n}\n~~~\n\nAnd if you'd like to use syntax highlighting, include the language:\n\n~~~javascript\nif (isAwesome){\n  return true\n}\n~~~\n\n","route":"#lab/{{COURSEURL}}/topic-03/unit-2/book-a/01"},{"title":"# Tables, Lines and Images","shortTitle":"02","contentMd":"# Tables, Lines and Images\n\n\nTables can look like this:\n\nHead 1 | Head 2\n------ | -------\ncell 1 | cell 2\ncell 3 | cell 4\n\n\n---\n\nA horizontal rules above and below\n\n---\n\nSome more images:\n\n![](img/01.jpg)","route":"#lab/{{COURSEURL}}/topic-03/unit-2/book-a/02"},{"title":"# Links and Code Blocks","shortTitle":"03","contentMd":"# Links and Code Blocks\n\nYou can inert links in bullet points:\n\n- <http://github.com>\n- <http://bitbucket.dom>\n\nYou can also insert links to other steps:\n\n- [Step 01](#/01)\n- [Step 02](#/02)\n- [Step 03](#/03)\n- [Step 04](#/04)\n\nMore Code Block examples\n\n~~~\n  publish(path, course) {\n    const basePath = '../' + path + '/' + this.folder;\n    futils.initEmptyPath(basePath);\n\n    this.resources = this.talks.concat(this.labs);\n    futils.copyFileToFolder(this.img, basePath);\n    futils.writeFile(basePath + '/index.html', nunjucks.render('topic.html', this));\n\n    futils.writeFile(basePath + '/ajaxlabel.html',\n        nunjucks.render('ajaxlabel.html',\n            { url: this.url.substring(5) + '/' + this.folder }));\n    futils.writeFile(basePath + '/indexmoodle.html', nunjucks.render('indexmoodle.html', this));\n\n    console.log(this.title);\n    this.publishTalks(basePath);\n    this.publishLabs(basePath, course);\n  }\n~~~\n\nThis was autodetected as javascript. This one is html:\n\n~~~\n<div class=\"ui segment pushable\">\n  <div class=\"ui inverted labeled icon left inline vertical sidebar menu\">\n    {% for resource in course.allLabs.resources %}\n      {% if resource.title == title %}\n        <a class=\"active item\" href=\"../../{{resource.parentFolder}}/{{resource.folder}}/{{resource.link}}\">\n          {{resource.title}}\n        </a>\n      {% else %}\n        <a class=\"item\" href=\"../../{{resource.parentFolder}}/{{resource.folder}}/{{resource.link}}\">\n          {{resource.title}}\n        </a>\n      {% endif %}\n    {% endfor %}\n  </div>\n  <div class=\"pusher\">\n    <div class=\"ui basic segment\">\n      <br>\n      {% for chapter in chapters %}\n      <div  class=\"ui tab segment lab\" data-tab=\"{{chapter.shortTitle}}\">\n        {{ chapter.content }}\n      </div>\n     {% endfor %}\n    </div>\n  </div>\n</div>\n~~~\n","route":"#lab/{{COURSEURL}}/topic-03/unit-2/book-a/03"},{"title":"# Images","shortTitle":"04","contentMd":"# Images\n\nImage without a title:\n\n![](img/04.jpg)\n\nImage with a title:\n\n![This is a Stone Arch](img/03.jpg)\n","route":"#lab/{{COURSEURL}}/topic-03/unit-2/book-a/04"},{"title":"# Exercises & Archives","shortTitle":"Exercises","contentMd":"# Exercises & Archives\n\nYou can link to zipped archives:\n\n- [Solutions](./archives/archive.zip)\n\nThis archive must be placed in the `archives` folder as shown above.\n\n## Exercise 1:\n\nInstructions for exercise 1.\n\n## Exercise 2:\n\nInstructions for exercise 2.\n\n## Exercise 3:\n\nInstructions for exercise 3.\n","route":"#lab/{{COURSEURL}}/topic-03/unit-2/book-a/Exercises"}]},{"title":"Zoom Morning Room ","type":"web","summary":"Meeting ID: 986 5621 7057, Password: 0zwr7t","img":"https://{{COURSEURL}}/topic-03/unit-2/web-1/web.png","videoids":{"videoid":"","videoIds":[]},"id":"web-1","route":"https://zoom.us/j/98656217057?pwd=RXRLT3c3Nlh2dnltWjBFRjF1OWFQUT09","hide":false},{"title":"Podcast ","type":"web","summary":"The HDip course team discuss approaching IT as an Adult Learner","img":"https://{{COURSEURL}}/topic-03/unit-2/web-2/web.png","videoids":{"videoid":"","videoIds":[]},"id":"web-2","route":"https://anchor.fm/the-machine/episodes/Ep-5-Approaching-IT-as-an-Adult-Learner-e2jisn","hide":false}]}]}]}